1;[0, 50[;[0, 100[;[0, 200[;[0, 400[;[0, 800[;*
2;[0, 50[;[0, 100[;[0, 200[;[0, 400[;[0, 800[;*
3;[0, 50[;[0, 100[;[0, 200[;[0, 400[;[0, 800[;*
4;[0, 50[;[0, 100[;[0, 200[;[0, 400[;[0, 800[;*
5;[0, 50[;[0, 100[;[0, 200[;[0, 400[;[0, 800[;*
6;[0, 50[;[0, 100[;[0, 200[;[0, 400[;[0, 800[;*
7;[0, 50[;[0, 100[;[0, 200[;[0, 400[;[0, 800[;*
8;[0, 50[;[0, 100[;[0, 200[;[0, 400[;[0, 800[;*
9;[0, 50[;[0, 100[;[0, 200[;[0, 400[;[0, 800[;*
10;[0, 50[;[0, 100[;[0, 200[;[0, 400[;[0, 800[;*
11;[0, 50[;[0, 100[;[0, 200[;[0, 400[;[0, 800[;*
12;[0, 50[;[0, 100[;[0, 200[;[0, 400[;[0, 800[;*
13;[0, 50[;[0, 100[;[0, 200[;[0, 400[;[0, 800[;*
14;[0, 50[;[0, 100[;[0, 200[;[0, 400[;[0, 800[;*
15;[0, 50[;[0, 100[;[0, 200[;[0, 400[;[0, 800[;*
16;[0, 50[;[0, 100[;[0, 200[;[0, 400[;[0, 800[;*
17;[0, 50[;[0, 100[;[0, 200[;[0, 400[;[0, 800[;*
18;[0, 50[;[0, 100[;[0, 200[;[0, 400[;[0, 800[;*
19;[0, 50[;[0, 100[;[0, 200[;[0, 400[;[0, 800[;*
20;[0, 50[;[0, 100[;[0, 200[;[0, 400[;[0, 800[;*
21;[0, 50[;[0, 100[;[0, 200[;[0, 400[;[0, 800[;*
22;[0, 50[;[0, 100[;[0, 200[;[0, 400[;[0, 800[;*
23;[0, 50[;[0, 100[;[0, 200[;[0, 400[;[0, 800[;*
24;[0, 50[;[0, 100[;[0, 200[;[0, 400[;[0, 800[;*
25;[0, 50[;[0, 100[;[0, 200[;[0, 400[;[0, 800[;*
26;[0, 50[;[0, 100[;[0, 200[;[0, 400[;[0, 800[;*
27;[0, 50[;[0, 100[;[0, 200[;[0, 400[;[0, 800[;*
28;[0, 50[;[0, 100[;[0, 200[;[0, 400[;[0, 800[;*
29;[0, 50[;[0, 100[;[0, 200[;[0, 400[;[0, 800[;*
30;[0, 50[;[0, 100[;[0, 200[;[0, 400[;[0, 800[;*
31;[0, 50[;[0, 100[;[0, 200[;[0, 400[;[0, 800[;*
32;[0, 50[;[0, 100[;[0, 200[;[0, 400[;[0, 800[;*
33;[0, 50[;[0, 100[;[0, 200[;[0, 400[;[0, 800[;*
34;[0, 50[;[0, 100[;[0, 200[;[0, 400[;[0, 800[;*
35;[0, 50[;[0, 100[;[0, 200[;[0, 400[;[0, 800[;*
36;[0, 50[;[0, 100[;[0, 200[;[0, 400[;[0, 800[;*
37;[0, 50[;[0, 100[;[0, 200[;[0, 400[;[0, 800[;*
38;[0, 50[;[0, 100[;[0, 200[;[0, 400[;[0, 800[;*
39;[0, 50[;[0, 100[;[0, 200[;[0, 400[;[0, 800[;*
40;[0, 50[;[0, 100[;[0, 200[;[0, 400[;[0, 800[;*
41;[0, 50[;[0, 100[;[0, 200[;[0, 400[;[0, 800[;*
42;[0, 50[;[0, 100[;[0, 200[;[0, 400[;[0, 800[;*
43;[0, 50[;[0, 100[;[0, 200[;[0, 400[;[0, 800[;*
44;[0, 50[;[0, 100[;[0, 200[;[0, 400[;[0, 800[;*
45;[0, 50[;[0, 100[;[0, 200[;[0, 400[;[0, 800[;*
46;[0, 50[;[0, 100[;[0, 200[;[0, 400[;[0, 800[;*
47;[0, 50[;[0, 100[;[0, 200[;[0, 400[;[0, 800[;*
48;[0, 50[;[0, 100[;[0, 200[;[0, 400[;[0, 800[;*
49;[0, 50[;[0, 100[;[0, 200[;[0, 400[;[0, 800[;*
50;[50, 100[;[0, 100[;[0, 200[;[0, 400[;[0, 800[;*
51;[50, 100[;[0, 100[;[0, 200[;[0, 400[;[0, 800[;*
52;[50, 100[;[0, 100[;[0, 200[;[0, 400[;[0, 800[;*
53;[50, 100[;[0, 100[;[0, 200[;[0, 400[;[0, 800[;*
54;[50, 100[;[0, 100[;[0, 200[;[0, 400[;[0, 800[;*
55;[50, 100[;[0, 100[;[0, 200[;[0, 400[;[0, 800[;*
56;[50, 100[;[0, 100[;[0, 200[;[0, 400[;[0, 800[;*
57;[50, 100[;[0, 100[;[0, 200[;[0, 400[;[0, 800[;*
58;[50, 100[;[0, 100[;[0, 200[;[0, 400[;[0, 800[;*
59;[50, 100[;[0, 100[;[0, 200[;[0, 400[;[0, 800[;*
60;[50, 100[;[0, 100[;[0, 200[;[0, 400[;[0, 800[;*
61;[50, 100[;[0, 100[;[0, 200[;[0, 400[;[0, 800[;*
62;[50, 100[;[0, 100[;[0, 200[;[0, 400[;[0, 800[;*
63;[50, 100[;[0, 100[;[0, 200[;[0, 400[;[0, 800[;*
64;[50, 100[;[0, 100[;[0, 200[;[0, 400[;[0, 800[;*
65;[50, 100[;[0, 100[;[0, 200[;[0, 400[;[0, 800[;*
66;[50, 100[;[0, 100[;[0, 200[;[0, 400[;[0, 800[;*
67;[50, 100[;[0, 100[;[0, 200[;[0, 400[;[0, 800[;*
68;[50, 100[;[0, 100[;[0, 200[;[0, 400[;[0, 800[;*
69;[50, 100[;[0, 100[;[0, 200[;[0, 400[;[0, 800[;*
70;[50, 100[;[0, 100[;[0, 200[;[0, 400[;[0, 800[;*
71;[50, 100[;[0, 100[;[0, 200[;[0, 400[;[0, 800[;*
72;[50, 100[;[0, 100[;[0, 200[;[0, 400[;[0, 800[;*
73;[50, 100[;[0, 100[;[0, 200[;[0, 400[;[0, 800[;*
74;[50, 100[;[0, 100[;[0, 200[;[0, 400[;[0, 800[;*
75;[50, 100[;[0, 100[;[0, 200[;[0, 400[;[0, 800[;*
76;[50, 100[;[0, 100[;[0, 200[;[0, 400[;[0, 800[;*
77;[50, 100[;[0, 100[;[0, 200[;[0, 400[;[0, 800[;*
78;[50, 100[;[0, 100[;[0, 200[;[0, 400[;[0, 800[;*
79;[50, 100[;[0, 100[;[0, 200[;[0, 400[;[0, 800[;*
80;[50, 100[;[0, 100[;[0, 200[;[0, 400[;[0, 800[;*
81;[50, 100[;[0, 100[;[0, 200[;[0, 400[;[0, 800[;*
82;[50, 100[;[0, 100[;[0, 200[;[0, 400[;[0, 800[;*
83;[50, 100[;[0, 100[;[0, 200[;[0, 400[;[0, 800[;*
84;[50, 100[;[0, 100[;[0, 200[;[0, 400[;[0, 800[;*
85;[50, 100[;[0, 100[;[0, 200[;[0, 400[;[0, 800[;*
86;[50, 100[;[0, 100[;[0, 200[;[0, 400[;[0, 800[;*
87;[50, 100[;[0, 100[;[0, 200[;[0, 400[;[0, 800[;*
88;[50, 100[;[0, 100[;[0, 200[;[0, 400[;[0, 800[;*
89;[50, 100[;[0, 100[;[0, 200[;[0, 400[;[0, 800[;*
90;[50, 100[;[0, 100[;[0, 200[;[0, 400[;[0, 800[;*
91;[50, 100[;[0, 100[;[0, 200[;[0, 400[;[0, 800[;*
92;[50, 100[;[0, 100[;[0, 200[;[0, 400[;[0, 800[;*
93;[50, 100[;[0, 100[;[0, 200[;[0, 400[;[0, 800[;*
94;[50, 100[;[0, 100[;[0, 200[;[0, 400[;[0, 800[;*
95;[50, 100[;[0, 100[;[0, 200[;[0, 400[;[0, 800[;*
96;[50, 100[;[0, 100[;[0, 200[;[0, 400[;[0, 800[;*
97;[50, 100[;[0, 100[;[0, 200[;[0, 400[;[0, 800[;*
98;[50, 100[;[0, 100[;[0, 200[;[0, 400[;[0, 800[;*
99;[50, 100[;[0, 100[;[0, 200[;[0, 400[;[0, 800[;*
100;[100, 150[;[100, 200[;[0, 200[;[0, 400[;[0, 800[;*
101;[100, 150[;[100, 200[;[0, 200[;[0, 400[;[0, 800[;*
102;[100, 150[;[100, 200[;[0, 200[;[0, 400[;[0, 800[;*
103;[100, 150[;[100, 200[;[0, 200[;[0, 400[;[0, 800[;*
104;[100, 150[;[100, 200[;[0, 200[;[0, 400[;[0, 800[;*
105;[100, 150[;[100, 200[;[0, 200[;[0, 400[;[0, 800[;*
106;[100, 150[;[100, 200[;[0, 200[;[0, 400[;[0, 800[;*
107;[100, 150[;[100, 200[;[0, 200[;[0, 400[;[0, 800[;*
108;[100, 150[;[100, 200[;[0, 200[;[0, 400[;[0, 800[;*
109;[100, 150[;[100, 200[;[0, 200[;[0, 400[;[0, 800[;*
110;[100, 150[;[100, 200[;[0, 200[;[0, 400[;[0, 800[;*
111;[100, 150[;[100, 200[;[0, 200[;[0, 400[;[0, 800[;*
112;[100, 150[;[100, 200[;[0, 200[;[0, 400[;[0, 800[;*
113;[100, 150[;[100, 200[;[0, 200[;[0, 400[;[0, 800[;*
114;[100, 150[;[100, 200[;[0, 200[;[0, 400[;[0, 800[;*
115;[100, 150[;[100, 200[;[0, 200[;[0, 400[;[0, 800[;*
116;[100, 150[;[100, 200[;[0, 200[;[0, 400[;[0, 800[;*
117;[100, 150[;[100, 200[;[0, 200[;[0, 400[;[0, 800[;*
118;[100, 150[;[100, 200[;[0, 200[;[0, 400[;[0, 800[;*
119;[100, 150[;[100, 200[;[0, 200[;[0, 400[;[0, 800[;*
120;[100, 150[;[100, 200[;[0, 200[;[0, 400[;[0, 800[;*
121;[100, 150[;[100, 200[;[0, 200[;[0, 400[;[0, 800[;*
122;[100, 150[;[100, 200[;[0, 200[;[0, 400[;[0, 800[;*
123;[100, 150[;[100, 200[;[0, 200[;[0, 400[;[0, 800[;*
124;[100, 150[;[100, 200[;[0, 200[;[0, 400[;[0, 800[;*
125;[100, 150[;[100, 200[;[0, 200[;[0, 400[;[0, 800[;*
126;[100, 150[;[100, 200[;[0, 200[;[0, 400[;[0, 800[;*
127;[100, 150[;[100, 200[;[0, 200[;[0, 400[;[0, 800[;*
128;[100, 150[;[100, 200[;[0, 200[;[0, 400[;[0, 800[;*
129;[100, 150[;[100, 200[;[0, 200[;[0, 400[;[0, 800[;*
130;[100, 150[;[100, 200[;[0, 200[;[0, 400[;[0, 800[;*
131;[100, 150[;[100, 200[;[0, 200[;[0, 400[;[0, 800[;*
132;[100, 150[;[100, 200[;[0, 200[;[0, 400[;[0, 800[;*
133;[100, 150[;[100, 200[;[0, 200[;[0, 400[;[0, 800[;*
134;[100, 150[;[100, 200[;[0, 200[;[0, 400[;[0, 800[;*
135;[100, 150[;[100, 200[;[0, 200[;[0, 400[;[0, 800[;*
136;[100, 150[;[100, 200[;[0, 200[;[0, 400[;[0, 800[;*
137;[100, 150[;[100, 200[;[0, 200[;[0, 400[;[0, 800[;*
138;[100, 150[;[100, 200[;[0, 200[;[0, 400[;[0, 800[;*
139;[100, 150[;[100, 200[;[0, 200[;[0, 400[;[0, 800[;*
140;[100, 150[;[100, 200[;[0, 200[;[0, 400[;[0, 800[;*
141;[100, 150[;[100, 200[;[0, 200[;[0, 400[;[0, 800[;*
142;[100, 150[;[100, 200[;[0, 200[;[0, 400[;[0, 800[;*
143;[100, 150[;[100, 200[;[0, 200[;[0, 400[;[0, 800[;*
144;[100, 150[;[100, 200[;[0, 200[;[0, 400[;[0, 800[;*
145;[100, 150[;[100, 200[;[0, 200[;[0, 400[;[0, 800[;*
146;[100, 150[;[100, 200[;[0, 200[;[0, 400[;[0, 800[;*
147;[100, 150[;[100, 200[;[0, 200[;[0, 400[;[0, 800[;*
148;[100, 150[;[100, 200[;[0, 200[;[0, 400[;[0, 800[;*
149;[100, 150[;[100, 200[;[0, 200[;[0, 400[;[0, 800[;*
150;[150, 200[;[100, 200[;[0, 200[;[0, 400[;[0, 800[;*
151;[150, 200[;[100, 200[;[0, 200[;[0, 400[;[0, 800[;*
152;[150, 200[;[100, 200[;[0, 200[;[0, 400[;[0, 800[;*
153;[150, 200[;[100, 200[;[0, 200[;[0, 400[;[0, 800[;*
154;[150, 200[;[100, 200[;[0, 200[;[0, 400[;[0, 800[;*
155;[150, 200[;[100, 200[;[0, 200[;[0, 400[;[0, 800[;*
156;[150, 200[;[100, 200[;[0, 200[;[0, 400[;[0, 800[;*
157;[150, 200[;[100, 200[;[0, 200[;[0, 400[;[0, 800[;*
158;[150, 200[;[100, 200[;[0, 200[;[0, 400[;[0, 800[;*
159;[150, 200[;[100, 200[;[0, 200[;[0, 400[;[0, 800[;*
160;[150, 200[;[100, 200[;[0, 200[;[0, 400[;[0, 800[;*
161;[150, 200[;[100, 200[;[0, 200[;[0, 400[;[0, 800[;*
162;[150, 200[;[100, 200[;[0, 200[;[0, 400[;[0, 800[;*
163;[150, 200[;[100, 200[;[0, 200[;[0, 400[;[0, 800[;*
164;[150, 200[;[100, 200[;[0, 200[;[0, 400[;[0, 800[;*
165;[150, 200[;[100, 200[;[0, 200[;[0, 400[;[0, 800[;*
166;[150, 200[;[100, 200[;[0, 200[;[0, 400[;[0, 800[;*
167;[150, 200[;[100, 200[;[0, 200[;[0, 400[;[0, 800[;*
168;[150, 200[;[100, 200[;[0, 200[;[0, 400[;[0, 800[;*
169;[150, 200[;[100, 200[;[0, 200[;[0, 400[;[0, 800[;*
170;[150, 200[;[100, 200[;[0, 200[;[0, 400[;[0, 800[;*
171;[150, 200[;[100, 200[;[0, 200[;[0, 400[;[0, 800[;*
172;[150, 200[;[100, 200[;[0, 200[;[0, 400[;[0, 800[;*
173;[150, 200[;[100, 200[;[0, 200[;[0, 400[;[0, 800[;*
174;[150, 200[;[100, 200[;[0, 200[;[0, 400[;[0, 800[;*
175;[150, 200[;[100, 200[;[0, 200[;[0, 400[;[0, 800[;*
176;[150, 200[;[100, 200[;[0, 200[;[0, 400[;[0, 800[;*
177;[150, 200[;[100, 200[;[0, 200[;[0, 400[;[0, 800[;*
178;[150, 200[;[100, 200[;[0, 200[;[0, 400[;[0, 800[;*
179;[150, 200[;[100, 200[;[0, 200[;[0, 400[;[0, 800[;*
180;[150, 200[;[100, 200[;[0, 200[;[0, 400[;[0, 800[;*
181;[150, 200[;[100, 200[;[0, 200[;[0, 400[;[0, 800[;*
182;[150, 200[;[100, 200[;[0, 200[;[0, 400[;[0, 800[;*
183;[150, 200[;[100, 200[;[0, 200[;[0, 400[;[0, 800[;*
184;[150, 200[;[100, 200[;[0, 200[;[0, 400[;[0, 800[;*
185;[150, 200[;[100, 200[;[0, 200[;[0, 400[;[0, 800[;*
186;[150, 200[;[100, 200[;[0, 200[;[0, 400[;[0, 800[;*
187;[150, 200[;[100, 200[;[0, 200[;[0, 400[;[0, 800[;*
188;[150, 200[;[100, 200[;[0, 200[;[0, 400[;[0, 800[;*
189;[150, 200[;[100, 200[;[0, 200[;[0, 400[;[0, 800[;*
190;[150, 200[;[100, 200[;[0, 200[;[0, 400[;[0, 800[;*
191;[150, 200[;[100, 200[;[0, 200[;[0, 400[;[0, 800[;*
192;[150, 200[;[100, 200[;[0, 200[;[0, 400[;[0, 800[;*
193;[150, 200[;[100, 200[;[0, 200[;[0, 400[;[0, 800[;*
194;[150, 200[;[100, 200[;[0, 200[;[0, 400[;[0, 800[;*
195;[150, 200[;[100, 200[;[0, 200[;[0, 400[;[0, 800[;*
196;[150, 200[;[100, 200[;[0, 200[;[0, 400[;[0, 800[;*
197;[150, 200[;[100, 200[;[0, 200[;[0, 400[;[0, 800[;*
198;[150, 200[;[100, 200[;[0, 200[;[0, 400[;[0, 800[;*
199;[150, 200[;[100, 200[;[0, 200[;[0, 400[;[0, 800[;*
200;[200, 250[;[200, 300[;[200, 400[;[0, 400[;[0, 800[;*
201;[200, 250[;[200, 300[;[200, 400[;[0, 400[;[0, 800[;*
202;[200, 250[;[200, 300[;[200, 400[;[0, 400[;[0, 800[;*
203;[200, 250[;[200, 300[;[200, 400[;[0, 400[;[0, 800[;*
204;[200, 250[;[200, 300[;[200, 400[;[0, 400[;[0, 800[;*
205;[200, 250[;[200, 300[;[200, 400[;[0, 400[;[0, 800[;*
206;[200, 250[;[200, 300[;[200, 400[;[0, 400[;[0, 800[;*
207;[200, 250[;[200, 300[;[200, 400[;[0, 400[;[0, 800[;*
208;[200, 250[;[200, 300[;[200, 400[;[0, 400[;[0, 800[;*
209;[200, 250[;[200, 300[;[200, 400[;[0, 400[;[0, 800[;*
210;[200, 250[;[200, 300[;[200, 400[;[0, 400[;[0, 800[;*
211;[200, 250[;[200, 300[;[200, 400[;[0, 400[;[0, 800[;*
212;[200, 250[;[200, 300[;[200, 400[;[0, 400[;[0, 800[;*
213;[200, 250[;[200, 300[;[200, 400[;[0, 400[;[0, 800[;*
214;[200, 250[;[200, 300[;[200, 400[;[0, 400[;[0, 800[;*
215;[200, 250[;[200, 300[;[200, 400[;[0, 400[;[0, 800[;*
216;[200, 250[;[200, 300[;[200, 400[;[0, 400[;[0, 800[;*
217;[200, 250[;[200, 300[;[200, 400[;[0, 400[;[0, 800[;*
218;[200, 250[;[200, 300[;[200, 400[;[0, 400[;[0, 800[;*
219;[200, 250[;[200, 300[;[200, 400[;[0, 400[;[0, 800[;*
220;[200, 250[;[200, 300[;[200, 400[;[0, 400[;[0, 800[;*
221;[200, 250[;[200, 300[;[200, 400[;[0, 400[;[0, 800[;*
222;[200, 250[;[200, 300[;[200, 400[;[0, 400[;[0, 800[;*
223;[200, 250[;[200, 300[;[200, 400[;[0, 400[;[0, 800[;*
224;[200, 250[;[200, 300[;[200, 400[;[0, 400[;[0, 800[;*
225;[200, 250[;[200, 300[;[200, 400[;[0, 400[;[0, 800[;*
226;[200, 250[;[200, 300[;[200, 400[;[0, 400[;[0, 800[;*
227;[200, 250[;[200, 300[;[200, 400[;[0, 400[;[0, 800[;*
228;[200, 250[;[200, 300[;[200, 400[;[0, 400[;[0, 800[;*
229;[200, 250[;[200, 300[;[200, 400[;[0, 400[;[0, 800[;*
230;[200, 250[;[200, 300[;[200, 400[;[0, 400[;[0, 800[;*
231;[200, 250[;[200, 300[;[200, 400[;[0, 400[;[0, 800[;*
232;[200, 250[;[200, 300[;[200, 400[;[0, 400[;[0, 800[;*
233;[200, 250[;[200, 300[;[200, 400[;[0, 400[;[0, 800[;*
234;[200, 250[;[200, 300[;[200, 400[;[0, 400[;[0, 800[;*
235;[200, 250[;[200, 300[;[200, 400[;[0, 400[;[0, 800[;*
236;[200, 250[;[200, 300[;[200, 400[;[0, 400[;[0, 800[;*
237;[200, 250[;[200, 300[;[200, 400[;[0, 400[;[0, 800[;*
238;[200, 250[;[200, 300[;[200, 400[;[0, 400[;[0, 800[;*
239;[200, 250[;[200, 300[;[200, 400[;[0, 400[;[0, 800[;*
240;[200, 250[;[200, 300[;[200, 400[;[0, 400[;[0, 800[;*
241;[200, 250[;[200, 300[;[200, 400[;[0, 400[;[0, 800[;*
242;[200, 250[;[200, 300[;[200, 400[;[0, 400[;[0, 800[;*
243;[200, 250[;[200, 300[;[200, 400[;[0, 400[;[0, 800[;*
244;[200, 250[;[200, 300[;[200, 400[;[0, 400[;[0, 800[;*
245;[200, 250[;[200, 300[;[200, 400[;[0, 400[;[0, 800[;*
246;[200, 250[;[200, 300[;[200, 400[;[0, 400[;[0, 800[;*
247;[200, 250[;[200, 300[;[200, 400[;[0, 400[;[0, 800[;*
248;[200, 250[;[200, 300[;[200, 400[;[0, 400[;[0, 800[;*
249;[200, 250[;[200, 300[;[200, 400[;[0, 400[;[0, 800[;*
250;[250, 300[;[200, 300[;[200, 400[;[0, 400[;[0, 800[;*
251;[250, 300[;[200, 300[;[200, 400[;[0, 400[;[0, 800[;*
252;[250, 300[;[200, 300[;[200, 400[;[0, 400[;[0, 800[;*
253;[250, 300[;[200, 300[;[200, 400[;[0, 400[;[0, 800[;*
254;[250, 300[;[200, 300[;[200, 400[;[0, 400[;[0, 800[;*
255;[250, 300[;[200, 300[;[200, 400[;[0, 400[;[0, 800[;*
256;[250, 300[;[200, 300[;[200, 400[;[0, 400[;[0, 800[;*
257;[250, 300[;[200, 300[;[200, 400[;[0, 400[;[0, 800[;*
258;[250, 300[;[200, 300[;[200, 400[;[0, 400[;[0, 800[;*
259;[250, 300[;[200, 300[;[200, 400[;[0, 400[;[0, 800[;*
260;[250, 300[;[200, 300[;[200, 400[;[0, 400[;[0, 800[;*
261;[250, 300[;[200, 300[;[200, 400[;[0, 400[;[0, 800[;*
262;[250, 300[;[200, 300[;[200, 400[;[0, 400[;[0, 800[;*
263;[250, 300[;[200, 300[;[200, 400[;[0, 400[;[0, 800[;*
264;[250, 300[;[200, 300[;[200, 400[;[0, 400[;[0, 800[;*
265;[250, 300[;[200, 300[;[200, 400[;[0, 400[;[0, 800[;*
266;[250, 300[;[200, 300[;[200, 400[;[0, 400[;[0, 800[;*
267;[250, 300[;[200, 300[;[200, 400[;[0, 400[;[0, 800[;*
268;[250, 300[;[200, 300[;[200, 400[;[0, 400[;[0, 800[;*
269;[250, 300[;[200, 300[;[200, 400[;[0, 400[;[0, 800[;*
270;[250, 300[;[200, 300[;[200, 400[;[0, 400[;[0, 800[;*
271;[250, 300[;[200, 300[;[200, 400[;[0, 400[;[0, 800[;*
272;[250, 300[;[200, 300[;[200, 400[;[0, 400[;[0, 800[;*
273;[250, 300[;[200, 300[;[200, 400[;[0, 400[;[0, 800[;*
274;[250, 300[;[200, 300[;[200, 400[;[0, 400[;[0, 800[;*
275;[250, 300[;[200, 300[;[200, 400[;[0, 400[;[0, 800[;*
276;[250, 300[;[200, 300[;[200, 400[;[0, 400[;[0, 800[;*
277;[250, 300[;[200, 300[;[200, 400[;[0, 400[;[0, 800[;*
278;[250, 300[;[200, 300[;[200, 400[;[0, 400[;[0, 800[;*
279;[250, 300[;[200, 300[;[200, 400[;[0, 400[;[0, 800[;*
280;[250, 300[;[200, 300[;[200, 400[;[0, 400[;[0, 800[;*
281;[250, 300[;[200, 300[;[200, 400[;[0, 400[;[0, 800[;*
282;[250, 300[;[200, 300[;[200, 400[;[0, 400[;[0, 800[;*
283;[250, 300[;[200, 300[;[200, 400[;[0, 400[;[0, 800[;*
284;[250, 300[;[200, 300[;[200, 400[;[0, 400[;[0, 800[;*
285;[250, 300[;[200, 300[;[200, 400[;[0, 400[;[0, 800[;*
286;[250, 300[;[200, 300[;[200, 400[;[0, 400[;[0, 800[;*
287;[250, 300[;[200, 300[;[200, 400[;[0, 400[;[0, 800[;*
288;[250, 300[;[200, 300[;[200, 400[;[0, 400[;[0, 800[;*
289;[250, 300[;[200, 300[;[200, 400[;[0, 400[;[0, 800[;*
290;[250, 300[;[200, 300[;[200, 400[;[0, 400[;[0, 800[;*
291;[250, 300[;[200, 300[;[200, 400[;[0, 400[;[0, 800[;*
292;[250, 300[;[200, 300[;[200, 400[;[0, 400[;[0, 800[;*
293;[250, 300[;[200, 300[;[200, 400[;[0, 400[;[0, 800[;*
294;[250, 300[;[200, 300[;[200, 400[;[0, 400[;[0, 800[;*
295;[250, 300[;[200, 300[;[200, 400[;[0, 400[;[0, 800[;*
296;[250, 300[;[200, 300[;[200, 400[;[0, 400[;[0, 800[;*
297;[250, 300[;[200, 300[;[200, 400[;[0, 400[;[0, 800[;*
298;[250, 300[;[200, 300[;[200, 400[;[0, 400[;[0, 800[;*
299;[250, 300[;[200, 300[;[200, 400[;[0, 400[;[0, 800[;*
300;[300, 350[;[300, 400[;[200, 400[;[0, 400[;[0, 800[;*
301;[300, 350[;[300, 400[;[200, 400[;[0, 400[;[0, 800[;*
302;[300, 350[;[300, 400[;[200, 400[;[0, 400[;[0, 800[;*
303;[300, 350[;[300, 400[;[200, 400[;[0, 400[;[0, 800[;*
304;[300, 350[;[300, 400[;[200, 400[;[0, 400[;[0, 800[;*
305;[300, 350[;[300, 400[;[200, 400[;[0, 400[;[0, 800[;*
306;[300, 350[;[300, 400[;[200, 400[;[0, 400[;[0, 800[;*
307;[300, 350[;[300, 400[;[200, 400[;[0, 400[;[0, 800[;*
308;[300, 350[;[300, 400[;[200, 400[;[0, 400[;[0, 800[;*
309;[300, 350[;[300, 400[;[200, 400[;[0, 400[;[0, 800[;*
310;[300, 350[;[300, 400[;[200, 400[;[0, 400[;[0, 800[;*
311;[300, 350[;[300, 400[;[200, 400[;[0, 400[;[0, 800[;*
312;[300, 350[;[300, 400[;[200, 400[;[0, 400[;[0, 800[;*
313;[300, 350[;[300, 400[;[200, 400[;[0, 400[;[0, 800[;*
314;[300, 350[;[300, 400[;[200, 400[;[0, 400[;[0, 800[;*
315;[300, 350[;[300, 400[;[200, 400[;[0, 400[;[0, 800[;*
316;[300, 350[;[300, 400[;[200, 400[;[0, 400[;[0, 800[;*
317;[300, 350[;[300, 400[;[200, 400[;[0, 400[;[0, 800[;*
318;[300, 350[;[300, 400[;[200, 400[;[0, 400[;[0, 800[;*
319;[300, 350[;[300, 400[;[200, 400[;[0, 400[;[0, 800[;*
320;[300, 350[;[300, 400[;[200, 400[;[0, 400[;[0, 800[;*
321;[300, 350[;[300, 400[;[200, 400[;[0, 400[;[0, 800[;*
322;[300, 350[;[300, 400[;[200, 400[;[0, 400[;[0, 800[;*
323;[300, 350[;[300, 400[;[200, 400[;[0, 400[;[0, 800[;*
324;[300, 350[;[300, 400[;[200, 400[;[0, 400[;[0, 800[;*
325;[300, 350[;[300, 400[;[200, 400[;[0, 400[;[0, 800[;*
326;[300, 350[;[300, 400[;[200, 400[;[0, 400[;[0, 800[;*
327;[300, 350[;[300, 400[;[200, 400[;[0, 400[;[0, 800[;*
328;[300, 350[;[300, 400[;[200, 400[;[0, 400[;[0, 800[;*
329;[300, 350[;[300, 400[;[200, 400[;[0, 400[;[0, 800[;*
330;[300, 350[;[300, 400[;[200, 400[;[0, 400[;[0, 800[;*
331;[300, 350[;[300, 400[;[200, 400[;[0, 400[;[0, 800[;*
332;[300, 350[;[300, 400[;[200, 400[;[0, 400[;[0, 800[;*
333;[300, 350[;[300, 400[;[200, 400[;[0, 400[;[0, 800[;*
334;[300, 350[;[300, 400[;[200, 400[;[0, 400[;[0, 800[;*
335;[300, 350[;[300, 400[;[200, 400[;[0, 400[;[0, 800[;*
336;[300, 350[;[300, 400[;[200, 400[;[0, 400[;[0, 800[;*
337;[300, 350[;[300, 400[;[200, 400[;[0, 400[;[0, 800[;*
338;[300, 350[;[300, 400[;[200, 400[;[0, 400[;[0, 800[;*
339;[300, 350[;[300, 400[;[200, 400[;[0, 400[;[0, 800[;*
340;[300, 350[;[300, 400[;[200, 400[;[0, 400[;[0, 800[;*
341;[300, 350[;[300, 400[;[200, 400[;[0, 400[;[0, 800[;*
342;[300, 350[;[300, 400[;[200, 400[;[0, 400[;[0, 800[;*
343;[300, 350[;[300, 400[;[200, 400[;[0, 400[;[0, 800[;*
344;[300, 350[;[300, 400[;[200, 400[;[0, 400[;[0, 800[;*
345;[300, 350[;[300, 400[;[200, 400[;[0, 400[;[0, 800[;*
346;[300, 350[;[300, 400[;[200, 400[;[0, 400[;[0, 800[;*
347;[300, 350[;[300, 400[;[200, 400[;[0, 400[;[0, 800[;*
348;[300, 350[;[300, 400[;[200, 400[;[0, 400[;[0, 800[;*
349;[300, 350[;[300, 400[;[200, 400[;[0, 400[;[0, 800[;*
350;[350, 400[;[300, 400[;[200, 400[;[0, 400[;[0, 800[;*
351;[350, 400[;[300, 400[;[200, 400[;[0, 400[;[0, 800[;*
352;[350, 400[;[300, 400[;[200, 400[;[0, 400[;[0, 800[;*
353;[350, 400[;[300, 400[;[200, 400[;[0, 400[;[0, 800[;*
354;[350, 400[;[300, 400[;[200, 400[;[0, 400[;[0, 800[;*
355;[350, 400[;[300, 400[;[200, 400[;[0, 400[;[0, 800[;*
356;[350, 400[;[300, 400[;[200, 400[;[0, 400[;[0, 800[;*
357;[350, 400[;[300, 400[;[200, 400[;[0, 400[;[0, 800[;*
358;[350, 400[;[300, 400[;[200, 400[;[0, 400[;[0, 800[;*
359;[350, 400[;[300, 400[;[200, 400[;[0, 400[;[0, 800[;*
360;[350, 400[;[300, 400[;[200, 400[;[0, 400[;[0, 800[;*
361;[350, 400[;[300, 400[;[200, 400[;[0, 400[;[0, 800[;*
362;[350, 400[;[300, 400[;[200, 400[;[0, 400[;[0, 800[;*
363;[350, 400[;[300, 400[;[200, 400[;[0, 400[;[0, 800[;*
364;[350, 400[;[300, 400[;[200, 400[;[0, 400[;[0, 800[;*
365;[350, 400[;[300, 400[;[200, 400[;[0, 400[;[0, 800[;*
366;[350, 400[;[300, 400[;[200, 400[;[0, 400[;[0, 800[;*
367;[350, 400[;[300, 400[;[200, 400[;[0, 400[;[0, 800[;*
368;[350, 400[;[300, 400[;[200, 400[;[0, 400[;[0, 800[;*
369;[350, 400[;[300, 400[;[200, 400[;[0, 400[;[0, 800[;*
370;[350, 400[;[300, 400[;[200, 400[;[0, 400[;[0, 800[;*
371;[350, 400[;[300, 400[;[200, 400[;[0, 400[;[0, 800[;*
372;[350, 400[;[300, 400[;[200, 400[;[0, 400[;[0, 800[;*
373;[350, 400[;[300, 400[;[200, 400[;[0, 400[;[0, 800[;*
374;[350, 400[;[300, 400[;[200, 400[;[0, 400[;[0, 800[;*
375;[350, 400[;[300, 400[;[200, 400[;[0, 400[;[0, 800[;*
376;[350, 400[;[300, 400[;[200, 400[;[0, 400[;[0, 800[;*
377;[350, 400[;[300, 400[;[200, 400[;[0, 400[;[0, 800[;*
378;[350, 400[;[300, 400[;[200, 400[;[0, 400[;[0, 800[;*
379;[350, 400[;[300, 400[;[200, 400[;[0, 400[;[0, 800[;*
380;[350, 400[;[300, 400[;[200, 400[;[0, 400[;[0, 800[;*
381;[350, 400[;[300, 400[;[200, 400[;[0, 400[;[0, 800[;*
382;[350, 400[;[300, 400[;[200, 400[;[0, 400[;[0, 800[;*
383;[350, 400[;[300, 400[;[200, 400[;[0, 400[;[0, 800[;*
384;[350, 400[;[300, 400[;[200, 400[;[0, 400[;[0, 800[;*
385;[350, 400[;[300, 400[;[200, 400[;[0, 400[;[0, 800[;*
386;[350, 400[;[300, 400[;[200, 400[;[0, 400[;[0, 800[;*
387;[350, 400[;[300, 400[;[200, 400[;[0, 400[;[0, 800[;*
388;[350, 400[;[300, 400[;[200, 400[;[0, 400[;[0, 800[;*
389;[350, 400[;[300, 400[;[200, 400[;[0, 400[;[0, 800[;*
390;[350, 400[;[300, 400[;[200, 400[;[0, 400[;[0, 800[;*
391;[350, 400[;[300, 400[;[200, 400[;[0, 400[;[0, 800[;*
392;[350, 400[;[300, 400[;[200, 400[;[0, 400[;[0, 800[;*
393;[350, 400[;[300, 400[;[200, 400[;[0, 400[;[0, 800[;*
394;[350, 400[;[300, 400[;[200, 400[;[0, 400[;[0, 800[;*
395;[350, 400[;[300, 400[;[200, 400[;[0, 400[;[0, 800[;*
396;[350, 400[;[300, 400[;[200, 400[;[0, 400[;[0, 800[;*
397;[350, 400[;[300, 400[;[200, 400[;[0, 400[;[0, 800[;*
398;[350, 400[;[300, 400[;[200, 400[;[0, 400[;[0, 800[;*
399;[350, 400[;[300, 400[;[200, 400[;[0, 400[;[0, 800[;*
400;[400, 450[;[400, 500[;[400, 600[;[400, 800[;[0, 800[;*
401;[400, 450[;[400, 500[;[400, 600[;[400, 800[;[0, 800[;*
402;[400, 450[;[400, 500[;[400, 600[;[400, 800[;[0, 800[;*
403;[400, 450[;[400, 500[;[400, 600[;[400, 800[;[0, 800[;*
404;[400, 450[;[400, 500[;[400, 600[;[400, 800[;[0, 800[;*
405;[400, 450[;[400, 500[;[400, 600[;[400, 800[;[0, 800[;*
406;[400, 450[;[400, 500[;[400, 600[;[400, 800[;[0, 800[;*
407;[400, 450[;[400, 500[;[400, 600[;[400, 800[;[0, 800[;*
408;[400, 450[;[400, 500[;[400, 600[;[400, 800[;[0, 800[;*
409;[400, 450[;[400, 500[;[400, 600[;[400, 800[;[0, 800[;*
410;[400, 450[;[400, 500[;[400, 600[;[400, 800[;[0, 800[;*
411;[400, 450[;[400, 500[;[400, 600[;[400, 800[;[0, 800[;*
413;[400, 450[;[400, 500[;[400, 600[;[400, 800[;[0, 800[;*
414;[400, 450[;[400, 500[;[400, 600[;[400, 800[;[0, 800[;*
415;[400, 450[;[400, 500[;[400, 600[;[400, 800[;[0, 800[;*
416;[400, 450[;[400, 500[;[400, 600[;[400, 800[;[0, 800[;*
417;[400, 450[;[400, 500[;[400, 600[;[400, 800[;[0, 800[;*
418;[400, 450[;[400, 500[;[400, 600[;[400, 800[;[0, 800[;*
419;[400, 450[;[400, 500[;[400, 600[;[400, 800[;[0, 800[;*
420;[400, 450[;[400, 500[;[400, 600[;[400, 800[;[0, 800[;*
421;[400, 450[;[400, 500[;[400, 600[;[400, 800[;[0, 800[;*
422;[400, 450[;[400, 500[;[400, 600[;[400, 800[;[0, 800[;*
423;[400, 450[;[400, 500[;[400, 600[;[400, 800[;[0, 800[;*
424;[400, 450[;[400, 500[;[400, 600[;[400, 800[;[0, 800[;*
425;[400, 450[;[400, 500[;[400, 600[;[400, 800[;[0, 800[;*
426;[400, 450[;[400, 500[;[400, 600[;[400, 800[;[0, 800[;*
427;[400, 450[;[400, 500[;[400, 600[;[400, 800[;[0, 800[;*
428;[400, 450[;[400, 500[;[400, 600[;[400, 800[;[0, 800[;*
429;[400, 450[;[400, 500[;[400, 600[;[400, 800[;[0, 800[;*
430;[400, 450[;[400, 500[;[400, 600[;[400, 800[;[0, 800[;*
431;[400, 450[;[400, 500[;[400, 600[;[400, 800[;[0, 800[;*
432;[400, 450[;[400, 500[;[400, 600[;[400, 800[;[0, 800[;*
433;[400, 450[;[400, 500[;[400, 600[;[400, 800[;[0, 800[;*
434;[400, 450[;[400, 500[;[400, 600[;[400, 800[;[0, 800[;*
435;[400, 450[;[400, 500[;[400, 600[;[400, 800[;[0, 800[;*
436;[400, 450[;[400, 500[;[400, 600[;[400, 800[;[0, 800[;*
437;[400, 450[;[400, 500[;[400, 600[;[400, 800[;[0, 800[;*
438;[400, 450[;[400, 500[;[400, 600[;[400, 800[;[0, 800[;*
439;[400, 450[;[400, 500[;[400, 600[;[400, 800[;[0, 800[;*
440;[400, 450[;[400, 500[;[400, 600[;[400, 800[;[0, 800[;*
441;[400, 450[;[400, 500[;[400, 600[;[400, 800[;[0, 800[;*
442;[400, 450[;[400, 500[;[400, 600[;[400, 800[;[0, 800[;*
443;[400, 450[;[400, 500[;[400, 600[;[400, 800[;[0, 800[;*
445;[400, 450[;[400, 500[;[400, 600[;[400, 800[;[0, 800[;*
446;[400, 450[;[400, 500[;[400, 600[;[400, 800[;[0, 800[;*
447;[400, 450[;[400, 500[;[400, 600[;[400, 800[;[0, 800[;*
448;[400, 450[;[400, 500[;[400, 600[;[400, 800[;[0, 800[;*
449;[400, 450[;[400, 500[;[400, 600[;[400, 800[;[0, 800[;*
450;[450, 500[;[400, 500[;[400, 600[;[400, 800[;[0, 800[;*
451;[450, 500[;[400, 500[;[400, 600[;[400, 800[;[0, 800[;*
452;[450, 500[;[400, 500[;[400, 600[;[400, 800[;[0, 800[;*
453;[450, 500[;[400, 500[;[400, 600[;[400, 800[;[0, 800[;*
454;[450, 500[;[400, 500[;[400, 600[;[400, 800[;[0, 800[;*
455;[450, 500[;[400, 500[;[400, 600[;[400, 800[;[0, 800[;*
456;[450, 500[;[400, 500[;[400, 600[;[400, 800[;[0, 800[;*
457;[450, 500[;[400, 500[;[400, 600[;[400, 800[;[0, 800[;*
458;[450, 500[;[400, 500[;[400, 600[;[400, 800[;[0, 800[;*
459;[450, 500[;[400, 500[;[400, 600[;[400, 800[;[0, 800[;*
460;[450, 500[;[400, 500[;[400, 600[;[400, 800[;[0, 800[;*
461;[450, 500[;[400, 500[;[400, 600[;[400, 800[;[0, 800[;*
462;[450, 500[;[400, 500[;[400, 600[;[400, 800[;[0, 800[;*
463;[450, 500[;[400, 500[;[400, 600[;[400, 800[;[0, 800[;*
464;[450, 500[;[400, 500[;[400, 600[;[400, 800[;[0, 800[;*
465;[450, 500[;[400, 500[;[400, 600[;[400, 800[;[0, 800[;*
466;[450, 500[;[400, 500[;[400, 600[;[400, 800[;[0, 800[;*
467;[450, 500[;[400, 500[;[400, 600[;[400, 800[;[0, 800[;*
468;[450, 500[;[400, 500[;[400, 600[;[400, 800[;[0, 800[;*
469;[450, 500[;[400, 500[;[400, 600[;[400, 800[;[0, 800[;*
470;[450, 500[;[400, 500[;[400, 600[;[400, 800[;[0, 800[;*
471;[450, 500[;[400, 500[;[400, 600[;[400, 800[;[0, 800[;*
472;[450, 500[;[400, 500[;[400, 600[;[400, 800[;[0, 800[;*
473;[450, 500[;[400, 500[;[400, 600[;[400, 800[;[0, 800[;*
475;[450, 500[;[400, 500[;[400, 600[;[400, 800[;[0, 800[;*
477;[450, 500[;[400, 500[;[400, 600[;[400, 800[;[0, 800[;*
478;[450, 500[;[400, 500[;[400, 600[;[400, 800[;[0, 800[;*
479;[450, 500[;[400, 500[;[400, 600[;[400, 800[;[0, 800[;*
481;[450, 500[;[400, 500[;[400, 600[;[400, 800[;[0, 800[;*
483;[450, 500[;[400, 500[;[400, 600[;[400, 800[;[0, 800[;*
486;[450, 500[;[400, 500[;[400, 600[;[400, 800[;[0, 800[;*
487;[450, 500[;[400, 500[;[400, 600[;[400, 800[;[0, 800[;*
492;[450, 500[;[400, 500[;[400, 600[;[400, 800[;[0, 800[;*
493;[450, 500[;[400, 500[;[400, 600[;[400, 800[;[0, 800[;*
495;[450, 500[;[400, 500[;[400, 600[;[400, 800[;[0, 800[;*
496;[450, 500[;[400, 500[;[400, 600[;[400, 800[;[0, 800[;*
497;[450, 500[;[400, 500[;[400, 600[;[400, 800[;[0, 800[;*
498;[450, 500[;[400, 500[;[400, 600[;[400, 800[;[0, 800[;*
499;[450, 500[;[400, 500[;[400, 600[;[400, 800[;[0, 800[;*
500;[500, 550[;[500, 600[;[400, 600[;[400, 800[;[0, 800[;*
501;[500, 550[;[500, 600[;[400, 600[;[400, 800[;[0, 800[;*
502;[500, 550[;[500, 600[;[400, 600[;[400, 800[;[0, 800[;*
503;[500, 550[;[500, 600[;[400, 600[;[400, 800[;[0, 800[;*
504;[500, 550[;[500, 600[;[400, 600[;[400, 800[;[0, 800[;*
506;[500, 550[;[500, 600[;[400, 600[;[400, 800[;[0, 800[;*
507;[500, 550[;[500, 600[;[400, 600[;[400, 800[;[0, 800[;*
509;[500, 550[;[500, 600[;[400, 600[;[400, 800[;[0, 800[;*
510;[500, 550[;[500, 600[;[400, 600[;[400, 800[;[0, 800[;*
511;[500, 550[;[500, 600[;[400, 600[;[400, 800[;[0, 800[;*
512;[500, 550[;[500, 600[;[400, 600[;[400, 800[;[0, 800[;*
513;[500, 550[;[500, 600[;[400, 600[;[400, 800[;[0, 800[;*
514;[500, 550[;[500, 600[;[400, 600[;[400, 800[;[0, 800[;*
515;[500, 550[;[500, 600[;[400, 600[;[400, 800[;[0, 800[;*
516;[500, 550[;[500, 600[;[400, 600[;[400, 800[;[0, 800[;*
517;[500, 550[;[500, 600[;[400, 600[;[400, 800[;[0, 800[;*
519;[500, 550[;[500, 600[;[400, 600[;[400, 800[;[0, 800[;*
520;[500, 550[;[500, 600[;[400, 600[;[400, 800[;[0, 800[;*
522;[500, 550[;[500, 600[;[400, 600[;[400, 800[;[0, 800[;*
523;[500, 550[;[500, 600[;[400, 600[;[400, 800[;[0, 800[;*
524;[500, 550[;[500, 600[;[400, 600[;[400, 800[;[0, 800[;*
526;[500, 550[;[500, 600[;[400, 600[;[400, 800[;[0, 800[;*
527;[500, 550[;[500, 600[;[400, 600[;[400, 800[;[0, 800[;*
529;[500, 550[;[500, 600[;[400, 600[;[400, 800[;[0, 800[;*
531;[500, 550[;[500, 600[;[400, 600[;[400, 800[;[0, 800[;*
532;[500, 550[;[500, 600[;[400, 600[;[400, 800[;[0, 800[;*
533;[500, 550[;[500, 600[;[400, 600[;[400, 800[;[0, 800[;*
534;[500, 550[;[500, 600[;[400, 600[;[400, 800[;[0, 800[;*
535;[500, 550[;[500, 600[;[400, 600[;[400, 800[;[0, 800[;*
537;[500, 550[;[500, 600[;[400, 600[;[400, 800[;[0, 800[;*
538;[500, 550[;[500, 600[;[400, 600[;[400, 800[;[0, 800[;*
540;[500, 550[;[500, 600[;[400, 600[;[400, 800[;[0, 800[;*
541;[500, 550[;[500, 600[;[400, 600[;[400, 800[;[0, 800[;*
542;[500, 550[;[500, 600[;[400, 600[;[400, 800[;[0, 800[;*
549;[500, 550[;[500, 600[;[400, 600[;[400, 800[;[0, 800[;*
552;[550, 600[;[500, 600[;[400, 600[;[400, 800[;[0, 800[;*
554;[550, 600[;[500, 600[;[400, 600[;[400, 800[;[0, 800[;*
556;[550, 600[;[500, 600[;[400, 600[;[400, 800[;[0, 800[;*
558;[550, 600[;[500, 600[;[400, 600[;[400, 800[;[0, 800[;*
563;[550, 600[;[500, 600[;[400, 600[;[400, 800[;[0, 800[;*
564;[550, 600[;[500, 600[;[400, 600[;[400, 800[;[0, 800[;*
565;[550, 600[;[500, 600[;[400, 600[;[400, 800[;[0, 800[;*
576;[550, 600[;[500, 600[;[400, 600[;[400, 800[;[0, 800[;*
577;[550, 600[;[500, 600[;[400, 600[;[400, 800[;[0, 800[;*
578;[550, 600[;[500, 600[;[400, 600[;[400, 800[;[0, 800[;*
580;[550, 600[;[500, 600[;[400, 600[;[400, 800[;[0, 800[;*
582;[550, 600[;[500, 600[;[400, 600[;[400, 800[;[0, 800[;*
584;[550, 600[;[500, 600[;[400, 600[;[400, 800[;[0, 800[;*
585;[550, 600[;[500, 600[;[400, 600[;[400, 800[;[0, 800[;*
586;[550, 600[;[500, 600[;[400, 600[;[400, 800[;[0, 800[;*
588;[550, 600[;[500, 600[;[400, 600[;[400, 800[;[0, 800[;*
594;[550, 600[;[500, 600[;[400, 600[;[400, 800[;[0, 800[;*
595;[550, 600[;[500, 600[;[400, 600[;[400, 800[;[0, 800[;*
597;[550, 600[;[500, 600[;[400, 600[;[400, 800[;[0, 800[;*
604;[600, 650[;[600, 700[;[600, 800[;[400, 800[;[0, 800[;*
608;[600, 650[;[600, 700[;[600, 800[;[400, 800[;[0, 800[;*
609;[600, 650[;[600, 700[;[600, 800[;[400, 800[;[0, 800[;*
610;[600, 650[;[600, 700[;[600, 800[;[400, 800[;[0, 800[;*
611;[600, 650[;[600, 700[;[600, 800[;[400, 800[;[0, 800[;*
615;[600, 650[;[600, 700[;[600, 800[;[400, 800[;[0, 800[;*
619;[600, 650[;[600, 700[;[600, 800[;[400, 800[;[0, 800[;*
620;[600, 650[;[600, 700[;[600, 800[;[400, 800[;[0, 800[;*
628;[600, 650[;[600, 700[;[600, 800[;[400, 800[;[0, 800[;*
631;[600, 650[;[600, 700[;[600, 800[;[400, 800[;[0, 800[;*
646;[600, 650[;[600, 700[;[600, 800[;[400, 800[;[0, 800[;*
654;[650, 700[;[600, 700[;[600, 800[;[400, 800[;[0, 800[;*
658;[650, 700[;[600, 700[;[600, 800[;[400, 800[;[0, 800[;*
675;[650, 700[;[600, 700[;[600, 800[;[400, 800[;[0, 800[;*
685;[650, 700[;[600, 700[;[600, 800[;[400, 800[;[0, 800[;*
700;[700, 750[;[700, 800[;[600, 800[;[400, 800[;[0, 800[;*
704;[700, 750[;[700, 800[;[600, 800[;[400, 800[;[0, 800[;*
723;[700, 750[;[700, 800[;[600, 800[;[400, 800[;[0, 800[;*
822;[800, 850[;[800, 900[;[800, 1000[;[800, 1000[;[800, 1000[;*
823;[800, 850[;[800, 900[;[800, 1000[;[800, 1000[;[800, 1000[;*
845;[800, 850[;[800, 900[;[800, 1000[;[800, 1000[;[800, 1000[;*
