;;;;;;;Execution time;Execution time;Number of checks;Number of rollups;Number of snapshots;Size of lattice;Information loss;Information loss (Transformation)
Algorithm;Dataset;Criteria;Metric;Suppression;QI count;Termination Limit;Arithmetic Mean;Standard Deviation;Value;Value;Value;Value;Value;Value
Heurakles;SS13ACS_SEMANTIC;[k];Loss;0.0;15;30000;3.0000485456E10;1473838.5814969698;152115.0;12390.0;147318.0;152117.0;0.4158145300898941;[5, 3, 2, 1, 1, 1, 1, 1, 1, 1, 1, 0, 1, 1, 0]
Heurakles;SS13ACS_SEMANTIC;[k];Loss;0.0;15;60000;5.9999866315E10;404858.84033326973;295731.0;24785.0;286468.0;295732.0;0.4158145300898941;[5, 3, 2, 1, 1, 1, 1, 1, 1, 1, 1, 0, 1, 1, 0]
Heurakles;SS13ACS_SEMANTIC;[k];Loss;0.0;15;300000;3.000012260103333E11;2126777.183152089;1423162.0;163775.0;1384556.0;1423163.0;0.4118388115966418;[5, 3, 3, 1, 1, 1, 0, 1, 0, 2, 0, 0, 1, 1, 0]
Heurakles;SS13ACS_SEMANTIC;[k];Loss;0.0;15;600000;5.99999719628E11;353582.98688850965;2841259.0;328456.0;2769667.0;2841262.0;0.4013611584038792;[4, 3, 3, 1, 1, 1, 1, 0, 0, 1, 1, 1, 1, 1, 0]
Heurakles;SS13ACS_SEMANTIC;[k];Loss;1.0;15;30000;3.0000442439E10;497762.83014604455;32937.0;292.0;32058.0;32947.0;0.09684594390207324;[3, 0, 2, 0, 0, 0, 0, 0, 0, 0, 0, 0, 0, 0, 0]
Heurakles;SS13ACS_SEMANTIC;[k];Loss;1.0;15;60000;5.9999724794E10;128149.25769976196;45612.0;443.0;44628.0;45614.0;0.09684594390207324;[3, 0, 2, 0, 0, 0, 0, 0, 0, 0, 0, 0, 0, 0, 0]
Heurakles;SS13ACS_SEMANTIC;[k];Loss;1.0;15;300000;6.4181522010333336E10;1.872652561964134E8;46874.0;491.0;45819.0;46875.0;0.09684594390207324;[3, 0, 2, 0, 0, 0, 0, 0, 0, 0, 0, 0, 0, 0, 0]
Heurakles;SS13ACS_SEMANTIC;[k];Loss;1.0;15;600000;6.4202122101666664E10;1.1273501157883553E8;46874.0;491.0;45819.0;46875.0;0.09684594390207324;[3, 0, 2, 0, 0, 0, 0, 0, 0, 0, 0, 0, 0, 0, 0]
Heurakles;SS13ACS_SEMANTIC;[k];Non-monotonic non-uniform entropy;0.0;15;30000;3.0001306523666668E10;1541488.377991003;159211.0;103471.0;155722.0;159213.0;468151.4220992984;[0, 3, 3, 1, 2, 2, 1, 1, 1, 1, 1, 0, 1, 1, 1]
Heurakles;SS13ACS_SEMANTIC;[k];Non-monotonic non-uniform entropy;0.0;15;60000;6.0000160459666664E10;1472472.8892500307;314718.0;204637.0;307806.0;314721.0;468151.4220992984;[0, 3, 3, 1, 2, 1, 1, 1, 1, 1, 1, 0, 1, 1, 1]
Heurakles;SS13ACS_SEMANTIC;[k];Non-monotonic non-uniform entropy;0.0;15;300000;3.000018788833333E11;2041943.6056199821;1266194.0;823162.0;1231935.0;1266195.0;468151.4220992984;[0, 3, 3, 1, 1, 1, 1, 1, 1, 1, 1, 0, 1, 1, 1]
Heurakles;SS13ACS_SEMANTIC;[k];Non-monotonic non-uniform entropy;0.0;15;600000;6.0000239567E11;1763022.546430703;2438849.0;1592899.0;2373947.0;2438851.0;468151.4220992984;[0, 3, 3, 1, 1, 1, 1, 1, 1, 1, 1, 0, 1, 1, 1]
Heurakles;SS13ACS_SEMANTIC;[k];Non-monotonic non-uniform entropy;1.0;15;30000;3.0000974587666668E10;1989252.3991726974;160090.0;104034.0;156577.0;160091.0;266743.97415681416;[0, 3, 1, 0, 1, 1, 1, 0, 1, 1, 1, 0, 1, 0, 0]
Heurakles;SS13ACS_SEMANTIC;[k];Non-monotonic non-uniform entropy;1.0;15;60000;6.0001125672E10;1764330.3778178848;315266.0;204968.0;308330.0;315266.0;266743.97415681416;[0, 3, 1, 0, 1, 1, 1, 0, 1, 1, 1, 0, 1, 0, 0]
Heurakles;SS13ACS_SEMANTIC;[k];Non-monotonic non-uniform entropy;1.0;15;300000;3.000008443463333E11;1776306.4211774762;1244710.0;809303.0;1211042.0;1244710.0;266743.97415681416;[0, 3, 1, 0, 1, 1, 1, 0, 1, 1, 1, 0, 1, 0, 0]
Heurakles;SS13ACS_SEMANTIC;[k];Non-monotonic non-uniform entropy;1.0;15;600000;6.000005404493334E11;1145134.7430657814;2434687.0;1590131.0;2369916.0;2434689.0;266743.97415681416;[0, 3, 1, 0, 1, 1, 1, 0, 1, 1, 1, 0, 1, 0, 0]
Heurakles;SS13ACS_SEMANTIC;[k];Non-monotonic discernability;0.0;15;30000;3.0001527337666668E10;1629487.1482415358;332454.0;41985.0;330460.0;332456.0;1.89687841E8;[3, 3, 2, 1, 1, 1, 1, 1, 1, 1, 1, 0, 1, 1, 1]
Heurakles;SS13ACS_SEMANTIC;[k];Non-monotonic discernability;0.0;15;60000;5.9999986415E10;1161197.3316887186;626923.0;93027.0;622912.0;626926.0;1.89687841E8;[3, 3, 2, 1, 1, 1, 1, 1, 1, 1, 1, 0, 1, 1, 1]
Heurakles;SS13ACS_SEMANTIC;[k];Non-monotonic discernability;0.0;15;300000;2.999993963176667E11;226181.33359394036;2552152.0;476866.0;2531178.0;2552154.0;1.89687841E8;[3, 3, 2, 1, 1, 1, 1, 1, 1, 1, 1, 0, 1, 1, 1]
Heurakles;SS13ACS_SEMANTIC;[k];Non-monotonic discernability;0.0;15;600000;5.999997781156666E11;597878.803384376;4540672.0;830422.0;4494645.0;4540682.0;1.89687841E8;[3, 3, 2, 1, 1, 1, 1, 1, 1, 1, 1, 0, 1, 1, 1]
Heurakles;SS13ACS_SEMANTIC;[k];Non-monotonic discernability;1.0;15;30000;2.9999624619333332E10;410471.96683492686;275251.0;5385.0;273593.0;275254.0;9.4632815E7;[2, 1, 1, 1, 1, 1, 1, 1, 1, 1, 1, 0, 1, 1, 1]
Heurakles;SS13ACS_SEMANTIC;[k];Non-monotonic discernability;1.0;15;60000;5.9999781679333336E10;226823.12104883255;502121.0;10949.0;498969.0;502123.0;9.4632815E7;[2, 1, 1, 1, 1, 1, 1, 1, 1, 1, 1, 0, 1, 1, 1]
Heurakles;SS13ACS_SEMANTIC;[k];Non-monotonic discernability;1.0;15;300000;3.000003680336667E11;588860.1322872294;2029523.0;74106.0;2015957.0;2029534.0;9.4632815E7;[2, 1, 1, 1, 1, 1, 1, 1, 1, 1, 1, 0, 1, 1, 1]
Heurakles;SS13ACS_SEMANTIC;[k];Non-monotonic discernability;1.0;15;600000;6.00000584238E11;1680730.6007326099;3739156.0;185195.0;3712388.0;3739164.0;9.1906871E7;[2, 3, 1, 1, 1, 1, 1, 1, 1, 1, 1, 0, 0, 1, 1]
Heurakles;SS13ACS_SEMANTIC;[k];Loss;0.0;20;30000;2.9999781081E10;303107.4934787987;134666.0;14201.0;131065.0;134669.0;0.5819458785913838;[5, 3, 2, 1, 1, 1, 2, 2, 2, 1, 1, 1, 0, 1, 1, 1, 1, 1, 9, 2]
Heurakles;SS13ACS_SEMANTIC;[k];Loss;0.0;20;60000;6.0001069547333336E10;2541421.5283203875;270125.0;27270.0;262918.0;270126.0;0.5501975936908565;[5, 3, 2, 1, 1, 1, 2, 2, 2, 1, 1, 0, 1, 1, 0, 1, 1, 1, 9, 2]
Heurakles;SS13ACS_SEMANTIC;[k];Loss;0.0;20;300000;3.000006546286667E11;1559048.6676230903;1286430.0;121451.0;1252857.0;1286431.0;0.5009480770615724;[5, 3, 2, 1, 1, 1, 1, 1, 2, 1, 1, 0, 1, 1, 0, 1, 1, 1, 9, 2]
Heurakles;SS13ACS_SEMANTIC;[k];Loss;0.0;20;600000;6.000016105933334E11;2272781.9681219608;2560388.0;253277.0;2497116.0;2560393.0;0.47833024510872924;[5, 3, 2, 1, 1, 1, 1, 1, 1, 1, 1, 0, 1, 1, 0, 1, 1, 1, 9, 2]
Heurakles;SS13ACS_SEMANTIC;[k];Loss;1.0;20;30000;3.0001345557333332E10;2461108.700686407;37132.0;140.0;36324.0;37136.0;0.16486093382477018;[4, 0, 2, 0, 0, 0, 0, 0, 0, 0, 0, 0, 0, 0, 0, 0, 0, 0, 7, 2]
Heurakles;SS13ACS_SEMANTIC;[k];Loss;1.0;20;60000;6.0000016399666664E10;576056.3945043344;70757.0;355.0;69303.0;70762.0;0.16486093382477018;[4, 0, 2, 0, 0, 0, 0, 0, 0, 0, 0, 0, 0, 0, 0, 0, 0, 0, 7, 2]
Heurakles;SS13ACS_SEMANTIC;[k];Loss;1.0;20;300000;2.99999666256E11;123948.76316849636;309988.0;2300.0;304447.0;309996.0;0.16486093382477018;[4, 0, 2, 0, 0, 0, 0, 0, 0, 0, 0, 0, 0, 0, 0, 0, 0, 0, 7, 2]
Heurakles;SS13ACS_SEMANTIC;[k];Loss;1.0;20;600000;6.0000514925E11;8148277.4774003;578052.0;5321.0;568984.0;578057.0;0.16486093382477018;[4, 0, 2, 0, 0, 0, 0, 0, 0, 0, 0, 0, 0, 0, 0, 0, 0, 0, 7, 2]
Heurakles;SS13ACS_SEMANTIC;[k];Non-monotonic non-uniform entropy;0.0;20;30000;2.9999572989E10;342336.7634961223;94840.0;6349.0;91553.0;94842.0;891562.4755789154;[1, 3, 3, 2, 2, 2, 1, 2, 1, 1, 1, 0, 1, 1, 0, 2, 2, 2, 9, 2]
Heurakles;SS13ACS_SEMANTIC;[k];Non-monotonic non-uniform entropy;0.0;20;60000;6.0000320486666664E10;836423.7440564043;193918.0;13100.0;187281.0;193919.0;872587.9428279746;[1, 3, 3, 2, 2, 2, 1, 1, 1, 1, 1, 0, 1, 1, 0, 2, 2, 2, 9, 2]
Heurakles;SS13ACS_SEMANTIC;[k];Non-monotonic non-uniform entropy;0.0;20;300000;3.000010031596667E11;1206989.642277983;916381.0;69698.0;885155.0;916381.0;853613.4100770339;[1, 3, 3, 1, 2, 2, 1, 1, 1, 1, 1, 0, 1, 1, 0, 2, 2, 2, 9, 2]
Heurakles;SS13ACS_SEMANTIC;[k];Non-monotonic non-uniform entropy;0.0;20;600000;6.000010208726666E11;2307240.8303795103;1793288.0;135621.0;1737137.0;1793289.0;853613.4100770339;[1, 3, 3, 1, 2, 2, 1, 1, 1, 1, 1, 0, 1, 1, 0, 2, 2, 2, 9, 2]
Heurakles;SS13ACS_SEMANTIC;[k];Non-monotonic non-uniform entropy;1.0;20;30000;3.0002381694666668E10;760589.8484178797;94945.0;6356.0;91647.0;94945.0;521742.45378327556;[1, 3, 0, 0, 1, 1, 0, 0, 1, 0, 1, 0, 0, 0, 0, 1, 1, 1, 8, 1]
Heurakles;SS13ACS_SEMANTIC;[k];Non-monotonic non-uniform entropy;1.0;20;60000;6.0001743421666664E10;2497513.6826276514;187754.0;12648.0;181329.0;187756.0;521742.45378327556;[1, 3, 0, 0, 1, 1, 0, 0, 1, 0, 1, 0, 0, 0, 0, 1, 1, 1, 8, 1]
Heurakles;SS13ACS_SEMANTIC;[k];Non-monotonic non-uniform entropy;1.0;20;300000;2.99999680652E11;346673.48834746506;904109.0;68608.0;873287.0;904111.0;521742.45378327556;[1, 3, 0, 0, 1, 1, 0, 0, 1, 0, 1, 0, 0, 0, 0, 1, 1, 1, 8, 1]
Heurakles;SS13ACS_SEMANTIC;[k];Non-monotonic non-uniform entropy;1.0;20;600000;6.000010093573334E11;1706110.2277362777;1791180.0;135508.0;1735090.0;1791181.0;521742.45378327556;[1, 3, 0, 0, 1, 1, 0, 0, 1, 0, 1, 0, 0, 0, 0, 1, 1, 1, 8, 1]
Heurakles;SS13ACS_SEMANTIC;[k];Non-monotonic discernability;0.0;20;30000;2.9999746979666668E10;382588.95684576855;366544.0;13850.0;366443.0;366545.0;3.33411795E8;[3, 3, 2, 1, 2, 1, 1, 1, 1, 1, 1, 1, 1, 1, 1, 1, 1, 1, 9, 2]
Heurakles;SS13ACS_SEMANTIC;[k];Non-monotonic discernability;0.0;20;60000;5.9999895668333336E10;39703.7736283761;660340.0;26136.0;659372.0;660342.0;3.33411795E8;[3, 3, 2, 1, 1, 1, 1, 1, 1, 1, 1, 1, 1, 1, 1, 1, 1, 1, 9, 2]
Heurakles;SS13ACS_SEMANTIC;[k];Non-monotonic discernability;0.0;20;300000;3.000007789993333E11;2401205.3699757406;2599167.0;128458.0;2587169.0;2599168.0;3.33411795E8;[3, 3, 2, 1, 1, 1, 1, 1, 1, 1, 1, 1, 1, 1, 1, 1, 1, 1, 9, 2]
Heurakles;SS13ACS_SEMANTIC;[k];Non-monotonic discernability;0.0;20;600000;5.999994752146666E11;254905.12753637056;5082274.0;435715.0;5060780.0;5082278.0;3.33411795E8;[3, 3, 2, 1, 1, 1, 1, 1, 1, 1, 1, 1, 1, 1, 1, 1, 1, 1, 9, 2]
Heurakles;SS13ACS_SEMANTIC;[k];Non-monotonic discernability;1.0;20;30000;2.9999402738333332E10;374247.7678975966;287661.0;3967.0;286889.0;287667.0;1.86125461E8;[3, 1, 1, 0, 1, 1, 1, 1, 1, 1, 1, 1, 1, 1, 1, 1, 1, 1, 9, 2]
Heurakles;SS13ACS_SEMANTIC;[k];Non-monotonic discernability;1.0;20;60000;5.9999647160333336E10;420614.05489751924;566358.0;12000.0;565153.0;566364.0;1.86125461E8;[3, 1, 1, 0, 1, 1, 1, 1, 1, 1, 1, 1, 1, 1, 1, 1, 1, 1, 9, 2]
Heurakles;SS13ACS_SEMANTIC;[k];Non-monotonic discernability;1.0;20;300000;2.99999502821E11;288421.2374912777;2501644.0;109819.0;2498716.0;2501649.0;1.86125461E8;[3, 1, 1, 0, 1, 1, 1, 1, 1, 1, 1, 1, 1, 1, 1, 1, 1, 1, 9, 2]
Heurakles;SS13ACS_SEMANTIC;[k];Non-monotonic discernability;1.0;20;600000;5.999995549363334E11;356764.4922919507;4720488.0;228786.0;4713940.0;4720490.0;1.86125461E8;[3, 1, 1, 0, 1, 1, 1, 1, 1, 1, 1, 1, 1, 1, 1, 1, 1, 1, 9, 2]
Heurakles;SS13ACS_SEMANTIC;[k];Loss;0.0;25;30000;3.0003258130333332E10;2741967.261432261;145586.0;8108.0;142823.0;145589.0;0.5788890713894155;[5, 3, 3, 0, 0, 0, 2, 1, 2, 2, 2, 2, 2, 0, 2, 1, 1, 1, 9, 1, 1, 1, 1, 3, 3]
Heurakles;SS13ACS_SEMANTIC;[k];Loss;0.0;25;60000;6.0000783260333336E10;2319505.7365568927;295735.0;15699.0;290348.0;295737.0;0.5788890713767847;[5, 3, 3, 1, 0, 0, 2, 0, 2, 2, 2, 2, 2, 0, 2, 1, 1, 1, 9, 1, 1, 1, 1, 3, 3]
Heurakles;SS13ACS_SEMANTIC;[k];Loss;0.0;25;300000;3.000021536553333E11;2143622.4806449325;1441820.0;87831.0;1415991.0;1441826.0;0.5617388037949556;[5, 3, 3, 1, 0, 1, 1, 0, 2, 1, 2, 2, 2, 1, 2, 1, 1, 1, 9, 1, 1, 1, 1, 2, 3]
Heurakles;SS13ACS_SEMANTIC;[k];Loss;0.0;25;600000;6.00006785137E11;1.2187133430698007E7;2803861.0;177631.0;2753621.0;2803872.0;0.5428831493240405;[5, 3, 3, 1, 0, 1, 1, 0, 1, 1, 2, 2, 2, 1, 2, 1, 1, 1, 9, 1, 1, 1, 1, 2, 3]
Heurakles;SS13ACS_SEMANTIC;[k];Loss;1.0;25;30000;3.0000105752333332E10;236083.59217093705;32824.0;39.0;32098.0;32834.0;0.18404455614473614;[5, 0, 2, 0, 0, 0, 0, 0, 0, 0, 0, 1, 1, 0, 1, 0, 0, 0, 7, 1, 0, 0, 0, 0, 0]
Heurakles;SS13ACS_SEMANTIC;[k];Loss;1.0;25;60000;5.9999831564666664E10;310518.81206350983;68700.0;80.0;67543.0;68704.0;0.18404455614473614;[5, 0, 2, 0, 0, 0, 0, 0, 0, 0, 0, 1, 1, 0, 1, 0, 0, 0, 7, 1, 0, 0, 0, 0, 0]
Heurakles;SS13ACS_SEMANTIC;[k];Loss;1.0;25;300000;3.000082735543333E11;1.45137908553304E7;330698.0;411.0;325610.0;330701.0;0.18404455614473614;[5, 0, 2, 0, 0, 0, 0, 0, 0, 0, 0, 1, 1, 0, 1, 0, 0, 0, 7, 1, 0, 0, 0, 0, 0]
Heurakles;SS13ACS_SEMANTIC;[k];Loss;1.0;25;600000;5.999998246336666E11;261251.0179316692;646168.0;879.0;636816.0;646171.0;0.18404455614473614;[5, 0, 2, 0, 0, 0, 0, 0, 0, 0, 0, 1, 1, 0, 1, 0, 0, 0, 7, 1, 0, 0, 0, 0, 0]
Heurakles;SS13ACS_SEMANTIC;[k];Non-monotonic non-uniform entropy;0.0;25;30000;3.0000374259333332E10;1898474.687515568;106617.0;18510.0;103513.0;106623.0;1160778.0124391487;[2, 3, 3, 2, 2, 2, 1, 2, 2, 1, 1, 0, 2, 1, 1, 2, 2, 2, 9, 2, 1, 1, 1, 3, 3]
Heurakles;SS13ACS_SEMANTIC;[k];Non-monotonic non-uniform entropy;0.0;25;60000;6.0003056955333336E10;3013178.9986899775;207241.0;36000.0;201369.0;207244.0;1160778.0124391487;[2, 3, 3, 2, 2, 2, 1, 2, 2, 1, 1, 0, 2, 1, 1, 2, 2, 2, 9, 2, 1, 1, 1, 3, 3]
Heurakles;SS13ACS_SEMANTIC;[k];Non-monotonic non-uniform entropy;0.0;25;300000;3.000009725866667E11;1718438.22646621;1065471.0;184548.0;1036267.0;1065474.0;1141803.4796882079;[2, 3, 3, 2, 2, 2, 1, 2, 1, 1, 1, 0, 2, 2, 1, 2, 2, 2, 9, 2, 1, 1, 1, 3, 3]
Heurakles;SS13ACS_SEMANTIC;[k];Non-monotonic non-uniform entropy;0.0;25;600000;5.999997899636666E11;1163518.043824991;2123743.0;367643.0;2065757.0;2123743.0;1122828.9469372672;[2, 3, 3, 1, 2, 2, 1, 2, 1, 1, 1, 0, 1, 1, 1, 2, 2, 2, 9, 2, 1, 1, 1, 3, 3]
Heurakles;SS13ACS_SEMANTIC;[k];Non-monotonic non-uniform entropy;1.0;25;30000;2.9999940236E10;760259.4785814906;104580.0;18156.0;101529.0;104583.0;647894.5763068438;[2, 3, 1, 0, 1, 1, 0, 0, 1, 1, 1, 0, 0, 0, 0, 1, 1, 1, 8, 1, 1, 0, 1, 1, 2]
Heurakles;SS13ACS_SEMANTIC;[k];Non-monotonic non-uniform entropy;1.0;25;60000;6.0000514339333336E10;1772665.7697787627;207757.0;36086.0;201882.0;207757.0;647894.5763068438;[2, 3, 1, 0, 1, 1, 0, 0, 1, 1, 1, 0, 0, 0, 0, 1, 1, 1, 8, 1, 1, 0, 1, 1, 2]
Heurakles;SS13ACS_SEMANTIC;[k];Non-monotonic non-uniform entropy;1.0;25;300000;3.000019273213333E11;2721610.8566112705;1009811.0;174814.0;982143.0;1009813.0;647894.5763068438;[2, 3, 1, 0, 1, 1, 0, 0, 1, 1, 1, 0, 0, 0, 0, 1, 1, 1, 8, 1, 1, 0, 1, 1, 2]
Heurakles;SS13ACS_SEMANTIC;[k];Non-monotonic non-uniform entropy;1.0;25;600000;6.000017444056666E11;2069663.5037909746;2083816.0;360699.0;2026903.0;2083819.0;647894.5763068438;[2, 3, 1, 0, 1, 1, 0, 0, 1, 1, 1, 0, 0, 0, 0, 1, 1, 1, 8, 1, 1, 0, 1, 1, 2]
Heurakles;SS13ACS_SEMANTIC;[k];Non-monotonic discernability;0.0;25;30000;3.0000894309666668E10;2510405.6779298307;97477.0;6008.0;93437.0;97480.0;3.09772925E8;[5, 3, 1, 2, 2, 2, 1, 2, 1, 1, 2, 2, 2, 2, 2, 1, 1, 1, 9, 1, 1, 1, 1, 2, 3]
Heurakles;SS13ACS_SEMANTIC;[k];Non-monotonic discernability;0.0;25;60000;6.0001160520666664E10;2126179.0069080107;191595.0;11863.0;183745.0;191600.0;3.09772925E8;[5, 3, 1, 2, 2, 2, 1, 2, 1, 1, 2, 2, 2, 2, 1, 1, 1, 1, 9, 1, 1, 1, 1, 2, 3]
Heurakles;SS13ACS_SEMANTIC;[k];Non-monotonic discernability;0.0;25;300000;2.999996512183333E11;288409.2560621683;991027.0;61522.0;950825.0;991031.0;3.09772925E8;[5, 3, 1, 2, 2, 2, 1, 2, 1, 1, 2, 2, 1, 1, 1, 1, 1, 1, 9, 1, 1, 1, 1, 2, 3]
Heurakles;SS13ACS_SEMANTIC;[k];Non-monotonic discernability;0.0;25;600000;6.000025616083334E11;2387275.65308247;2683933.0;182383.0;2617819.0;2683937.0;3.09772925E8;[5, 3, 1, 2, 2, 2, 1, 1, 1, 1, 2, 1, 1, 1, 1, 1, 1, 1, 9, 1, 1, 1, 1, 2, 3]
Heurakles;SS13ACS_SEMANTIC;[k];Non-monotonic discernability;1.0;25;30000;2.9999709495666668E10;280916.17531985114;256426.0;11282.0;256275.0;256428.0;1.77999197E8;[5, 1, 1, 1, 1, 1, 1, 1, 1, 1, 1, 1, 1, 1, 1, 1, 1, 1, 9, 1, 1, 1, 1, 1, 1]
Heurakles;SS13ACS_SEMANTIC;[k];Non-monotonic discernability;1.0;25;60000;5.9999582214E10;371398.2498827909;520204.0;23190.0;520053.0;520207.0;1.77999197E8;[5, 1, 1, 1, 1, 1, 1, 1, 1, 1, 1, 1, 1, 1, 1, 1, 1, 1, 9, 1, 1, 1, 1, 1, 1]
Heurakles;SS13ACS_SEMANTIC;[k];Non-monotonic discernability;1.0;25;300000;3.000020750153333E11;3777050.6481419248;2421942.0;113282.0;2419335.0;2421953.0;1.77999197E8;[5, 1, 1, 1, 1, 1, 1, 1, 1, 1, 1, 1, 1, 1, 1, 1, 1, 1, 9, 1, 1, 1, 1, 1, 1]
Heurakles;SS13ACS_SEMANTIC;[k];Non-monotonic discernability;1.0;25;600000;5.999997156896666E11;377599.1077006583;4551490.0;193538.0;4541045.0;4551499.0;1.77999197E8;[5, 1, 1, 1, 1, 1, 1, 1, 1, 1, 1, 1, 1, 1, 1, 1, 1, 1, 9, 1, 1, 1, 1, 1, 1]
Heurakles;SS13ACS_SEMANTIC;[k];Loss;0.0;30;30000;3.0001282888E10;2436724.527483359;80762.0;2920.0;78924.0;80764.0;0.6375736342804112;[5, 5, 3, 3, 1, 0, 0, 2, 2, 2, 2, 2, 2, 2, 0, 2, 1, 1, 1, 9, 1, 1, 1, 1, 3, 3, 4, 4, 4, 1]
Heurakles;SS13ACS_SEMANTIC;[k];Loss;0.0;30;60000;6.0000920176666664E10;1967538.349459632;193157.0;8150.0;189611.0;193158.0;0.6357857557173934;[5, 5, 3, 3, 1, 1, 1, 2, 1, 2, 2, 1, 2, 2, 1, 2, 1, 1, 1, 9, 1, 1, 1, 1, 3, 3, 4, 3, 4, 1]
Heurakles;SS13ACS_SEMANTIC;[k];Loss;0.0;30;300000;3.000022698883333E11;2665978.861278974;1061807.0;57446.0;1044699.0;1061808.0;0.6175417074950462;[5, 5, 3, 3, 1, 1, 1, 2, 1, 2, 2, 1, 2, 2, 1, 2, 1, 1, 1, 9, 1, 1, 1, 1, 2, 3, 4, 3, 4, 1]
Heurakles;SS13ACS_SEMANTIC;[k];Loss;0.0;30;600000;5.99999647688E11;498363.5580788387;2104089.0;124699.0;2070068.0;2104092.0;0.6058052537057965;[5, 5, 3, 3, 1, 1, 1, 1, 1, 2, 1, 1, 2, 2, 1, 2, 1, 1, 1, 9, 1, 1, 1, 1, 2, 3, 4, 4, 4, 1]
Heurakles;SS13ACS_SEMANTIC;[k];Loss;1.0;30;30000;3.0001640329333332E10;1648250.2705203276;17769.0;2.0;16780.0;17772.0;0.2576209495720947;[4, 5, 0, 3, 0, 0, 0, 0, 0, 0, 0, 0, 1, 1, 0, 1, 0, 0, 0, 7, 1, 0, 0, 0, 0, 0, 4, 2, 4, 1]
Heurakles;SS13ACS_SEMANTIC;[k];Loss;1.0;30;60000;6.0000036842E10;476544.8501904097;44889.0;3.0;43545.0;44892.0;0.2576209495720947;[4, 5, 0, 3, 0, 0, 0, 0, 0, 0, 0, 0, 1, 1, 0, 1, 0, 0, 0, 7, 1, 0, 0, 0, 0, 0, 4, 2, 4, 1]
Heurakles;SS13ACS_SEMANTIC;[k];Loss;1.0;30;300000;3.000003369646667E11;278264.92059246945;240977.0;16.0;237576.0;240985.0;0.2576209495720947;[4, 5, 0, 3, 0, 0, 0, 0, 0, 0, 0, 0, 1, 1, 0, 1, 0, 0, 0, 7, 1, 0, 0, 0, 0, 0, 4, 2, 4, 1]
Heurakles;SS13ACS_SEMANTIC;[k];Loss;1.0;30;600000;6.000002575326666E11;735633.7984896651;472906.0;71.0;466313.0;472912.0;0.2576209495720947;[4, 5, 0, 3, 0, 0, 0, 0, 0, 0, 0, 0, 1, 1, 0, 1, 0, 0, 0, 7, 1, 0, 0, 0, 0, 0, 4, 2, 4, 1]
Heurakles;SS13ACS_SEMANTIC;[k];Non-monotonic non-uniform entropy;0.0;30;30000;3.0003008013333332E10;2783716.3879580717;26982.0;4343.0;24601.0;26984.0;2268105.680666896;[5, 2, 3, 3, 2, 2, 2, 1, 2, 2, 2, 1, 2, 2, 2, 2, 2, 2, 2, 9, 1, 1, 1, 1, 3, 3, 4, 4, 4, 1]
Heurakles;SS13ACS_SEMANTIC;[k];Non-monotonic non-uniform entropy;0.0;30;60000;6.0001227565666664E10;2000554.3029531424;75381.0;12529.0;70411.0;75387.0;2268105.680666896;[5, 2, 3, 3, 2, 2, 2, 1, 2, 2, 2, 1, 2, 2, 2, 2, 2, 2, 2, 9, 1, 1, 1, 1, 3, 3, 4, 4, 4, 1]
Heurakles;SS13ACS_SEMANTIC;[k];Non-monotonic non-uniform entropy;0.0;30;300000;2.99999501041E11;153432.60265015386;448790.0;74791.0;426276.0;448791.0;2268105.680666896;[5, 2, 3, 3, 2, 2, 2, 1, 2, 2, 2, 1, 2, 2, 1, 2, 2, 2, 2, 9, 1, 1, 1, 1, 3, 3, 4, 4, 4, 1]
Heurakles;SS13ACS_SEMANTIC;[k];Non-monotonic non-uniform entropy;0.0;30;600000;6.00001451951E11;1435938.0999635744;932426.0;155628.0;888617.0;932428.0;2249131.147915955;[5, 2, 3, 3, 2, 2, 2, 1, 2, 1, 2, 1, 2, 2, 1, 2, 2, 2, 2, 9, 1, 1, 1, 1, 3, 3, 4, 4, 4, 1]
Heurakles;SS13ACS_SEMANTIC;[k];Non-monotonic non-uniform entropy;1.0;30;30000;3.0002611719E10;988416.3796437208;25495.0;4074.0;23182.0;25498.0;1635340.0909334295;[5, 2, 3, 1, 1, 1, 1, 1, 1, 1, 1, 1, 1, 1, 0, 1, 1, 1, 1, 8, 1, 1, 1, 1, 2, 1, 0, 0, 4, 0]
Heurakles;SS13ACS_SEMANTIC;[k];Non-monotonic non-uniform entropy;1.0;30;60000;6.0002370892333336E10;2551162.991043562;76973.0;12785.0;71881.0;76975.0;1635340.0909334295;[5, 2, 3, 1, 1, 1, 1, 1, 1, 1, 1, 1, 1, 1, 0, 1, 1, 1, 1, 8, 1, 1, 1, 1, 2, 1, 0, 0, 4, 0]
Heurakles;SS13ACS_SEMANTIC;[k];Non-monotonic non-uniform entropy;1.0;30;300000;2.999997483143333E11;448252.3771652899;460165.0;76690.0;437398.0;460168.0;1635340.0909334295;[5, 2, 3, 1, 1, 1, 1, 1, 1, 1, 1, 1, 1, 1, 0, 1, 1, 1, 1, 8, 1, 1, 1, 1, 2, 1, 0, 0, 4, 0]
Heurakles;SS13ACS_SEMANTIC;[k];Non-monotonic non-uniform entropy;1.0;30;600000;6.000004628096666E11;489230.28612028237;923177.0;154104.0;879855.0;923179.0;1635340.0909334295;[5, 2, 3, 1, 1, 1, 1, 1, 1, 1, 1, 1, 1, 1, 0, 1, 1, 1, 1, 8, 1, 1, 1, 1, 2, 1, 0, 0, 4, 0]
Heurakles;SS13ACS_SEMANTIC;[k];Non-monotonic discernability;0.0;30;30000;2.9999935703333332E10;998559.0319727388;107130.0;14166.0;105224.0;107132.0;2.91158773E8;[5, 5, 3, 1, 2, 2, 2, 2, 2, 1, 1, 2, 2, 2, 2, 2, 2, 1, 2, 9, 2, 1, 1, 1, 2, 3, 4, 4, 4, 1]
Heurakles;SS13ACS_SEMANTIC;[k];Non-monotonic discernability;0.0;30;60000;6.000121867E10;2856618.7935408885;250168.0;32581.0;247001.0;250170.0;2.91158773E8;[5, 5, 3, 1, 2, 2, 2, 2, 2, 1, 1, 2, 2, 2, 2, 2, 1, 1, 1, 9, 2, 1, 2, 1, 2, 3, 4, 4, 4, 1]
Heurakles;SS13ACS_SEMANTIC;[k];Non-monotonic discernability;0.0;30;300000;2.99999453578E11;204708.2969129488;1342938.0;171809.0;1330509.0;1342941.0;2.91158773E8;[5, 5, 3, 1, 2, 2, 2, 2, 2, 1, 1, 2, 2, 2, 1, 1, 1, 1, 1, 9, 2, 1, 2, 1, 2, 3, 4, 4, 4, 1]
Heurakles;SS13ACS_SEMANTIC;[k];Non-monotonic discernability;0.0;30;600000;5.999994344256666E11;172822.7628419744;2743494.0;347709.0;2720245.0;2743498.0;2.91158773E8;[5, 5, 3, 1, 2, 2, 2, 2, 2, 1, 1, 2, 2, 1, 2, 1, 1, 1, 1, 9, 2, 1, 1, 1, 2, 3, 4, 4, 4, 1]
Heurakles;SS13ACS_SEMANTIC;[k];Non-monotonic discernability;1.0;30;30000;2.9999663846666668E10;394627.3940318048;143417.0;5123.0;142764.0;143420.0;2.23311297E8;[5, 5, 3, 1, 1, 1, 1, 2, 1, 1, 1, 0, 1, 1, 1, 1, 1, 1, 1, 9, 2, 1, 1, 0, 2, 0, 4, 0, 3, 1]
Heurakles;SS13ACS_SEMANTIC;[k];Non-monotonic discernability;1.0;30;60000;5.9999551682E10;216550.0139482794;321464.0;11552.0;320811.0;321466.0;2.23311297E8;[5, 5, 3, 1, 1, 1, 1, 2, 1, 1, 1, 0, 1, 1, 1, 1, 1, 1, 1, 9, 2, 1, 1, 0, 2, 0, 4, 0, 3, 1]
Heurakles;SS13ACS_SEMANTIC;[k];Non-monotonic discernability;1.0;30;300000;2.99999407887E11;201872.00450037644;1681676.0;65662.0;1681023.0;1681677.0;2.23311297E8;[5, 5, 3, 1, 1, 1, 1, 2, 1, 1, 1, 0, 1, 1, 1, 1, 1, 1, 1, 9, 2, 1, 1, 0, 2, 0, 4, 0, 3, 1]
Heurakles;SS13ACS_SEMANTIC;[k];Non-monotonic discernability;1.0;30;600000;5.999997844786666E11;80063.11444312752;3340955.0;130430.0;3340302.0;3340957.0;2.23311297E8;[5, 5, 3, 1, 1, 1, 1, 2, 1, 1, 1, 0, 1, 1, 1, 1, 1, 1, 1, 9, 2, 1, 1, 0, 2, 0, 4, 0, 3, 1]
